Seat ID,Demand Partner,Deal ID,Private Deal,Bid Requests,Bid Responses,Imps,Revenue,Bid eCPM,Bidfloor,Win Rate
16,Google DV360,VDMY_512889418,Yes,53967900,0,0,$ 0.00,$ 0.00,$ 5.00,0.00 %
16,Google DV360,VDMY_412716507,Yes,31296360,0,0,$ 0.00,$ 0.00,$ 3.25,0.00 %
16,Google DV360,VDMY_447619091,Yes,30226860,0,0,$ 0.00,$ 0.00,$ 3.20,0.00 %
16,Google DV360,VDMY_501620331,Yes,23642460,0,0,$ 0.00,$ 0.00,$ 6.25,0.00 %
16,Google DV360,VDMY_490025372,Yes,23328120,0,1117,$ 6.81,$ 0.00,$ 6.10,0.00 %
16,Google DV360,VDMY_464865824,Yes,23021220,290160,70326,$ 225.04,$ 3.30,$ 3.20,0.31 %
74,Yahoo DSP,VDMY_387888938,Yes,21695040,74400,26889,$ 107.56,$ 8.33,$ 4.00,0.12 %
16,Google DV360,VDMY_483517831,Yes,21585300,31620,19909,$ 79.64,$ 4.12,$ 4.00,0.09 %
16,Google DV360,VDMY_475224467,Yes,20221920,0,0,$ 0.00,$ 0.00,$ 5.90,0.00 %
16,Google DV360,VDMY_523150134,Yes,20207040,85560,47583,$ 185.57,$ 4.02,$ 3.90,0.24 %
16,Google DV360,VDMY_470270919,Yes,19987560,0,0,$ 0.00,$ 0.00,$ 3.30,0.00 %
16,Google DV360,VDMY_462275609,Yes,19756920,0,0,$ 0.00,$ 0.00,$ 4.00,0.00 %
16,Google DV360,VDMY_464999684,Yes,19503960,398040,77477,$ 247.93,$ 3.30,$ 3.20,0.40 %
16,Google DV360,VDMY_387380385,Yes,19273320,0,0,$ 0.00,$ 0.00,$ 5.00,0.00 %
16,Google DV360,VDMY_521524640,Yes,19063140,0,0,$ 0.00,$ 0.00,$ 4.30,0.00 %
16,Google DV360,VDMY_500310441,Yes,18886440,31620,14765,$ 72.35,$ 5.05,$ 4.90,0.08 %
16,Google DV360,VDMY_394453335,Yes,18531180,0,0,$ 0.00,$ 0.00,$ 6.00,0.00 %
16,Google DV360,VDMY_373627698,Yes,17978760,20460,8192,$ 35.23,$ 4.43,$ 4.30,0.05 %
16,Google DV360,VDMY_501326752,Yes,17325900,0,0,$ 0.00,$ 0.00,$ 6.00,0.00 %
80,MediaMath,VDMY_443216258,Yes,16669320,0,0,$ 0.00,$ 0.00,$ 6.50,0.00 %
16,Google DV360,VDMY_517958698,Yes,16250820,5580,4497,$ 26.98,$ 6.18,$ 6.00,0.03 %
16,Google DV360,VDMY_433440878,Yes,15132960,0,0,$ 0.00,$ 0.00,$ 6.00,0.00 %
16,Google DV360,VDMY_501414378,Yes,15008340,0,0,$ 0.00,$ 0.00,$ 6.00,0.00 %
16,Google DV360,VDMY_524424492,Yes,15000900,0,0,$ 0.00,$ 0.00,$ 6.10,0.00 %
16,Google DV360,VDMY_467127602,Yes,14772120,5580,214,$ 0.92,$ 4.43,$ 4.30,0.00 %
16,Google DV360,VDMY_503749587,Yes,12287160,22320,14759,$ 73.80,$ 5.05,$ 5.00,0.12 %
16,Google DV360,VDMY_524586761,Yes,11537580,0,0,$ 0.00,$ 0.00,$ 6.17,0.00 %
16,Google DV360,VDMY_414660440,Yes,11338560,0,0,$ 0.00,$ 0.00,$ 3.20,0.00 %
16,Google DV360,VDMY_377021709,Yes,11173020,18600,9347,$ 46.73,$ 5.06,$ 5.00,0.08 %
16,Google DV360,VDMY_394877386,Yes,11148840,0,0,$ 0.00,$ 0.00,$ 6.00,0.00 %
16,Google DV360,VDMY_414764655,Yes,11033520,0,0,$ 0.00,$ 0.00,$ 3.20,0.00 %
16,Google DV360,VDMY_503694576,Yes,10938660,0,0,$ 0.00,$ 0.00,$ 4.50,0.00 %
16,Google DV360,VDMY_524633733,Yes,10832640,128340,87661,$ 359.41,$ 4.22,$ 4.10,0.81 %
16,Google DV360,VDMY_441221736,Yes,10659660,0,0,$ 0.00,$ 0.00,$ 4.90,0.00 %
16,Google DV360,VDMY_483390147,Yes,10566660,11160,5359,$ 29.47,$ 5.67,$ 5.50,0.05 %
16,Google DV360,VDMY_504018320,Yes,10481100,124620,88985,$ 489.42,$ 5.67,$ 5.50,0.85 %
16,Google DV360,VDMY_518295151,Yes,10410420,0,0,$ 0.00,$ 0.00,$ 5.50,0.00 %
16,Google DV360,VDMY_490236182,Yes,10001220,122760,26553,$ 114.18,$ 4.43,$ 4.30,0.27 %
16,Google DV360,VDMY_281012099,Yes,9761280,3720,4146,$ 26.12,$ 6.49,$ 6.30,0.04 %
16,Google DV360,VDMY_440360663,Yes,9757560,9300,5904,$ 26.57,$ 4.63,$ 4.50,0.06 %
16,Google DV360,VDMY_419252425,Yes,9649680,0,0,$ 0.00,$ 0.00,$ 7.00,0.00 %
16,Google DV360,VDMY_378159471,Yes,9519480,0,0,$ 0.00,$ 0.00,$ 5.00,0.00 %
16,Google DV360,VDMY_399547734,Yes,9497160,0,0,$ 0.00,$ 0.00,$ 4.50,0.00 %
16,Google DV360,VDMY_399414230,Yes,9458100,0,0,$ 0.00,$ 0.00,$ 4.50,0.00 %
16,Google DV360,VDMY_514154691,Yes,9268380,0,0,$ 0.00,$ 0.00,$ 5.00,0.00 %
16,Google DV360,VDMY_431564449,Yes,9078660,22320,10239,$ 56.31,$ 5.67,$ 5.50,0.11 %
16,Google DV360,VDMY_322613686,Yes,8892660,0,0,$ 0.00,$ 0.00,$ 4.20,0.00 %
16,Google DV360,VDMY_304496042,Yes,8567160,0,0,$ 0.00,$ 0.00,$ 5.00,0.00 %
16,Google DV360,VDMY_490318408,Yes,8520660,0,0,$ 0.00,$ 0.00,$ 4.20,0.00 %
16,Google DV360,VDMY_390418421,Yes,8518800,0,0,$ 0.00,$ 0.00,$ 4.00,0.00 %
16,Google DV360,VDMY_PH_60888,Yes,8507640,0,0,$ 0.00,$ 0.00,$ 5.00,0.00 %
16,Google DV360,VDMY_358132218,Yes,8431380,0,0,$ 0.00,$ 0.00,$ 4.50,0.00 %
80,MediaMath,VDMY_266029905,Yes,8420220,0,0,$ 0.00,$ 0.00,$ 3.50,0.00 %
16,Google DV360,VDMY_362442910,Yes,8353260,0,0,$ 0.00,$ 0.00,$ 5.00,0.00 %
16,Google DV360,VDMY_450221173,Yes,8332800,0,0,$ 0.00,$ 0.00,$ 5.00,0.00 %
16,Google DV360,VDMY_479945003,Yes,8260260,57660,27725,$ 119.22,$ 4.43,$ 4.30,0.34 %
16,Google DV360,VDMY_483276872,Yes,8236080,0,0,$ 0.00,$ 0.00,$ 5.50,0.00 %
16,Google DV360,VDMY_490455002,Yes,8146800,0,0,$ 0.00,$ 0.00,$ 6.30,0.00 %
16,Google DV360,VDMY_501583686,Yes,8094720,0,0,$ 0.00,$ 0.00,$ 6.25,0.00 %
16,Google DV360,VDMY_362837636,Yes,8011020,0,0,$ 0.00,$ 0.00,$ 4.19,0.00 %
16,Google DV360,VDMY_470383512,Yes,7998000,0,0,$ 0.00,$ 0.00,$ 8.08,0.00 %
16,Google DV360,VDMY_399613078,Yes,7992420,0,0,$ 0.00,$ 0.00,$ 5.00,0.00 %
16,Google DV360,VDMY_414170368,Yes,7986840,0,0,$ 0.00,$ 0.00,$ 4.50,0.00 %
16,Google DV360,VDMY_399731517,Yes,7947780,0,0,$ 0.00,$ 0.00,$ 5.00,0.00 %
16,Google DV360,VDMY_435352610,Yes,7905000,0,0,$ 0.00,$ 0.00,$ 5.30,0.00 %
16,Google DV360,VDMY_456895055,Yes,7865940,0,0,$ 0.00,$ 0.00,$ 8.12,0.00 %
80,MediaMath,VDMY_376521018,Yes,7864080,0,0,$ 0.00,$ 0.00,$ 4.00,0.00 %
16,Google DV360,VDMY_479314634,Yes,7860360,46500,12856,$ 62.99,$ 4.91,$ 4.90,0.16 %
80,MediaMath,VDMY_389030916,Yes,7679940,0,0,$ 0.00,$ 0.00,$ 5.00,0.00 %
80,MediaMath,VDMY_388941116,Yes,7665060,0,0,$ 0.00,$ 0.00,$ 5.00,0.00 %
16,Google DV360,VDMY_366731419,Yes,7581360,0,0,$ 0.00,$ 0.00,$ 5.00,0.00 %
80,MediaMath,VDMY_388883000,Yes,7519980,0,0,$ 0.00,$ 0.00,$ 5.00,0.00 %
16,Google DV360,VDMY_360979836,Yes,7458600,0,0,$ 0.00,$ 0.00,$ 5.00,0.00 %
16,Google DV360,VDMY_365121251,Yes,7272600,0,0,$ 0.00,$ 0.00,$ 4.00,0.00 %
16,Google DV360,VDMY_331984662,Yes,7229820,0,0,$ 0.00,$ 0.00,$ 6.00,0.00 %
16,Google DV360,VDMY_283245437,Yes,7140540,1860,1684,$ 8.25,$ 5.05,$ 4.90,0.02 %
16,Google DV360,VDMY_346647479,Yes,7086600,0,0,$ 0.00,$ 0.00,$ 5.00,0.00 %
16,Google DV360,VDMY_481882795,Yes,7071720,0,0,$ 0.00,$ 0.00,$ 9.00,0.00 %
16,Google DV360,VDMY_432667347,Yes,7038240,0,0,$ 0.00,$ 0.00,$ 4.90,0.00 %
16,Google DV360,VDMY_447335896,Yes,6950820,0,0,$ 0.00,$ 0.00,$ 7.01,0.00 %
16,Google DV360,VDMY_266567149,Yes,6911760,0,0,$ 0.00,$ 0.00,$ 3.75,0.00 %
16,Google DV360,VDMY_387971793,Yes,6880140,0,0,$ 0.00,$ 0.00,$ 4.00,0.00 %
16,Google DV360,VDMY_442222688,Yes,6800160,0,0,$ 0.00,$ 0.00,$ 5.50,0.00 %
16,Google DV360,VDMY_431732319,Yes,6681120,0,0,$ 0.00,$ 0.00,$ 6.00,0.00 %
16,Google DV360,VDMY_413124890,Yes,6681120,0,0,$ 0.00,$ 0.00,$ 4.90,0.00 %
16,Google DV360,VDMY_390585364,Yes,6649500,0,0,$ 0.00,$ 0.00,$ 4.00,0.00 %
16,Google DV360,VDMY_447264667,Yes,6625320,0,0,$ 0.00,$ 0.00,$ 7.01,0.00 %
16,Google DV360,VDMY_447115080,Yes,6612300,0,0,$ 0.00,$ 0.00,$ 9.93,0.00 %
16,Google DV360,VDMY_362986613,Yes,6545340,0,0,$ 0.00,$ 0.00,$ 4.00,0.00 %
16,Google DV360,VDMY_364436899,Yes,6524880,0,0,$ 0.00,$ 0.00,$ 4.50,0.00 %
16,Google DV360,VDMY_450933884,Yes,6506280,44640,10623,$ 52.05,$ 5.00,$ 4.90,0.16 %
16,Google DV360,VDMY_419913263,Yes,6472800,0,0,$ 0.00,$ 0.00,$ 6.00,0.00 %
16,Google DV360,VDMY_477011707,Yes,6424440,98580,44024,$ 198.11,$ 4.63,$ 4.50,0.69 %
16,Google DV360,VDMY_297282438,Yes,6335160,0,0,$ 0.00,$ 0.00,$ 5.37,0.00 %
16,Google DV360,VDMY_297282438_OLD,Yes,6333300,0,0,$ 0.00,$ 0.00,$ 5.37,0.00 %
16,Google DV360,VDMY_500791849,Yes,6098940,50220,33035,$ 181.69,$ 5.67,$ 5.50,0.54 %
16,Google DV360,VDMY_482436664,Yes,6017100,0,0,$ 0.00,$ 0.00,$ 4.30,0.00 %
16,Google DV360,VDMY_IP_16541,Yes,5953860,0,0,$ 0.00,$ 0.00,$ 4.50,0.00 %
16,Google DV360,VDMY_497725308,Yes,5916660,0,0,$ 0.00,$ 0.00,$ 6.20,0.00 %
16,Google DV360,VDMY_400625595,Yes,5912940,13020,3477,$ 17.39,$ 5.15,$ 5.00,0.06 %
16,Google DV360,VDMY_419058457,Yes,5907360,0,0,$ 0.00,$ 0.00,$ 4.50,0.00 %
16,Google DV360,VDMY_272180748,Yes,5886900,0,0,$ 0.00,$ 0.00,$ 4.90,0.00 %
16,Google DV360,VDMY_434894916,Yes,5851560,0,0,$ 0.00,$ 0.00,$ 20.00,0.00 %
16,Google DV360,VDMY_440864984,Yes,5844120,0,0,$ 0.00,$ 0.00,$ 0.01,0.00 %
16,Google DV360,VDMY_308448041,Yes,5743680,0,0,$ 0.00,$ 0.00,$ 5.50,0.00 %
16,Google DV360,VDMY_313817418,Yes,5708340,0,0,$ 0.00,$ 0.00,$ 5.00,0.00 %
16,Google DV360,VDMY_BY_11855,Yes,5693460,0,0,$ 0.00,$ 0.00,$ 4.10,0.00 %
16,Google DV360,VDMY_290790680,Yes,5671140,0,0,$ 0.00,$ 0.00,$ 4.90,0.00 %
16,Google DV360,VDMY_450717123,Yes,5665560,0,0,$ 0.00,$ 0.00,$ 5.50,0.00 %
16,Google DV360,VDMY_426431488,Yes,5643240,14880,6587,$ 46.11,$ 7.21,$ 7.00,0.12 %
16,Google DV360,VDMY_353190474,Yes,5637660,0,0,$ 0.00,$ 0.00,$ 6.00,0.00 %
16,Google DV360,VDMY_266822183,Yes,5622780,0,0,$ 0.00,$ 0.00,$ 5.00,0.00 %
16,Google DV360,VDMY_PH_11103,Yes,5613480,0,0,$ 0.00,$ 0.00,$ 5.00,0.00 %
16,Google DV360,VDMY_317811527,Yes,5568840,0,0,$ 0.00,$ 0.00,$ 5.00,0.00 %
16,Google DV360,VDMY_439974342,Yes,5526060,0,0,$ 0.00,$ 0.00,$ 5.00,0.00 %
16,Google DV360,VDMY_513953516,Yes,5464680,0,0,$ 0.00,$ 0.00,$ 5.00,0.00 %
16,Google DV360,VDMY_440419563,Yes,5380980,0,0,$ 0.00,$ 0.00,$ 5.00,0.00 %
80,MediaMath,VDMY_265971569,Yes,5278680,0,0,$ 0.00,$ 0.00,$ 3.50,0.00 %
16,Google DV360,VDMY_512545974,Yes,5271240,0,0,$ 0.00,$ 0.00,$ 5.00,0.00 %
16,Google DV360,VDMY_356168057,Yes,5230320,0,0,$ 0.00,$ 0.00,$ 4.90,0.00 %
16,Google DV360,VDMY_372676805,Yes,5189400,0,0,$ 0.00,$ 0.00,$ 5.34,0.00 %
16,Google DV360,VDMY_463752724,Yes,5180100,0,0,$ 0.00,$ 0.00,$ 4.50,0.00 %
16,Google DV360,VDMY_366879252,Yes,5176380,0,0,$ 0.00,$ 0.00,$ 5.00,0.00 %
16,Google DV360,VDMY_433615475,Yes,5146620,24180,16542,$ 72.78,$ 4.52,$ 4.40,0.32 %
16,Google DV360,VDMY_314677095,Yes,5075940,0,0,$ 0.00,$ 0.00,$ 6.17,0.00 %
16,Google DV360,VDMY_463885593,Yes,5003400,0,0,$ 0.00,$ 0.00,$ 4.50,0.00 %
16,Google DV360,VDMY_358683084,Yes,5001540,0,0,$ 0.00,$ 0.00,$ 4.50,0.00 %
16,Google DV360,VDMY_HV_24766,Yes,4968060,0,0,$ 0.00,$ 0.00,$ 6.00,0.00 %
16,Google DV360,VDMY_382330796,Yes,4901100,0,0,$ 0.00,$ 0.00,$ 5.00,0.00 %
16,Google DV360,VDMY_443469075,Yes,4895520,63240,35406,$ 166.41,$ 4.84,$ 4.70,0.72 %
16,Google DV360,VDMY_419310864,Yes,4889940,0,0,$ 0.00,$ 0.00,$ 7.00,0.00 %
16,Google DV360,VDMY_332027986,Yes,4882500,0,0,$ 0.00,$ 0.00,$ 6.00,0.00 %
16,Google DV360,VDMY_419250671,Yes,4858320,0,0,$ 0.00,$ 0.00,$ 7.00,0.00 %
16,Google DV360,VDMY_AM_91284,Yes,4852740,0,0,$ 0.00,$ 0.00,$ 6.50,0.00 %
16,Google DV360,VDMY_328381155,Yes,4850880,0,0,$ 0.00,$ 0.00,$ 0.01,0.00 %
16,Google DV360,VDMY_290963555,Yes,4828560,0,0,$ 0.00,$ 0.00,$ 6.00,0.00 %
16,Google DV360,VDMY_313758306,Yes,4822980,0,0,$ 0.00,$ 0.00,$ 4.00,0.00 %
80,MediaMath,VDMY_276881538,Yes,4813680,0,0,$ 0.00,$ 0.00,$ 4.00,0.00 %
16,Google DV360,VDMY_368153859,Yes,4806240,0,0,$ 0.00,$ 0.00,$ 4.30,0.00 %
16,Google DV360,VDMY_331651846,Yes,4748580,0,0,$ 0.00,$ 0.00,$ 6.00,0.00 %
16,Google DV360,VDMY_331575657,Yes,4746720,0,0,$ 0.00,$ 0.00,$ 5.00,0.00 %
16,Google DV360,VDMY_518058576,Yes,4625820,0,0,$ 0.00,$ 0.00,$ 5.50,0.00 %
16,Google DV360,VDMY_402170934,Yes,4623960,13020,9315,$ 46.58,$ 5.10,$ 5.00,0.20 %
16,Google DV360,VDMY_409874827,Yes,4557000,0,0,$ 0.00,$ 0.00,$ 5.00,0.00 %
16,Google DV360,VDMY_352548136,Yes,4543980,0,0,$ 0.00,$ 0.00,$ 20.00,0.00 %
16,Google DV360,VDMY_352477582,Yes,4512360,0,0,$ 0.00,$ 0.00,$ 15.00,0.00 %
16,Google DV360,VDMY_274644979,Yes,4503060,0,0,$ 0.00,$ 0.00,$ 5.00,0.00 %
16,Google DV360,VDMY_472216723,Yes,4432380,0,0,$ 0.00,$ 0.00,$ 5.10,0.00 %
80,MediaMath,VDMY_381235126,Yes,4365420,0,0,$ 0.00,$ 0.00,$ 4.00,0.00 %
80,MediaMath,VDMY_381040656,Yes,4315200,0,0,$ 0.00,$ 0.00,$ 4.00,0.00 %
16,Google DV360,VDMY_394676036,Yes,4315200,0,0,$ 0.00,$ 0.00,$ 6.00,0.00 %
80,MediaMath,VDMY_443316924,Yes,4263120,0,0,$ 0.00,$ 0.00,$ 6.50,0.00 %
16,Google DV360,VDMY_268323755,Yes,4246380,0,0,$ 0.00,$ 0.00,$ 5.00,0.00 %
16,Google DV360,VDMY_376712140,Yes,4231500,0,0,$ 0.00,$ 0.00,$ 4.50,0.00 %
16,Google DV360,VDMY_382181765,Yes,4227780,0,0,$ 0.00,$ 0.00,$ 4.70,0.00 %
16,Google DV360,VDMY_382260279,Yes,4188720,0,0,$ 0.00,$ 0.00,$ 5.00,0.00 %
80,MediaMath,VDMY_380863483,Yes,4186860,0,0,$ 0.00,$ 0.00,$ 4.00,0.00 %
80,MediaMath,VDMY_380770759,Yes,4185000,0,0,$ 0.00,$ 0.00,$ 4.00,0.00 %
16,Google DV360,VDMY_CR_50291,Yes,4149660,5580,4317,$ 25.90,$ 6.18,$ 6.00,0.10 %
16,Google DV360,VDMY_420569430,Yes,4136640,0,0,$ 0.00,$ 0.00,$ 4.30,0.00 %
16,Google DV360,VDMY_480659539,Yes,4118040,11160,6459,$ 38.75,$ 6.18,$ 6.00,0.16 %
16,Google DV360,VDMY_282044700,Yes,4106880,0,0,$ 0.00,$ 0.00,$ 5.39,0.00 %
16,Google DV360,VDMY_366474166,Yes,4101300,0,0,$ 0.00,$ 0.00,$ 4.20,0.00 %
16,Google DV360,VDMY_360688521,Yes,4101300,0,0,$ 0.00,$ 0.00,$ 5.50,0.00 %
16,Google DV360,VDMY_444816702,Yes,4073400,0,0,$ 0.00,$ 0.00,$ 4.50,0.00 %
16,Google DV360,VDMY_BM_48247,Yes,4028760,0,140,$ 0.93,$ 0.00,$ 6.65,0.00 %
16,Google DV360,VDMY_373597881,Yes,3896700,0,0,$ 0.00,$ 0.00,$ 5.70,0.00 %
16,Google DV360,VDMY_500137055,Yes,3840900,1860,3528,$ 21.17,$ 6.18,$ 6.00,0.09 %
16,Google DV360,VDMY_308781553,Yes,3805560,0,0,$ 0.00,$ 0.00,$ 4.70,0.00 %
16,Google DV360,VDMY_420447766,Yes,3801840,5580,5274,$ 26.37,$ 5.15,$ 5.00,0.14 %
16,Google DV360,VDMY_524786506,Yes,3770220,0,0,$ 0.00,$ 0.00,$ 4.50,0.00 %
16,Google DV360,VDMY_397152688,Yes,3770220,0,0,$ 0.00,$ 0.00,$ 6.00,0.00 %
16,Google DV360,VDMY_361144139,Yes,3753480,24180,6331,$ 31.66,$ 5.15,$ 5.00,0.17 %
16,Google DV360,VDMY_414232867,Yes,3671640,0,0,$ 0.00,$ 0.00,$ 4.50,0.00 %
16,Google DV360,VDMY_282342887,Yes,3656760,0,0,$ 0.00,$ 0.00,$ 6.00,0.00 %
16,Google DV360,VDMY_PU_90002,Yes,3502380,0,0,$ 0.00,$ 0.00,$ 5.00,0.00 %
16,Google DV360,VDMY_396939870,Yes,3493080,0,0,$ 0.00,$ 0.00,$ 6.00,0.00 %
80,MediaMath,VDMY_381316409,Yes,3444720,0,0,$ 0.00,$ 0.00,$ 4.00,0.00 %
16,Google DV360,VDMY_397053909,Yes,3409380,0,0,$ 0.00,$ 0.00,$ 6.00,0.00 %
16,Google DV360,VDMY_290890867,Yes,3370320,0,0,$ 0.00,$ 0.00,$ 4.90,0.00 %
16,Google DV360,VDMY_394913080,Yes,3338700,0,0,$ 0.00,$ 0.00,$ 6.00,0.00 %
16,Google DV360,VDMY_PH_58199,Yes,3307080,0,0,$ 0.00,$ 0.00,$ 5.00,0.00 %
80,MediaMath,VDMY_277057765,Yes,3275460,0,0,$ 0.00,$ 0.00,$ 4.00,0.00 %
16,Google DV360,1062002_err,Yes,3269880,0,0,$ 0.00,$ 0.00,$ 6.50,0.00 %
16,Google DV360,VDMY_376656993,Yes,3266160,0,0,$ 0.00,$ 0.00,$ 4.50,0.00 %
16,Google DV360,VDMY_482186684,Yes,3245700,0,0,$ 0.00,$ 0.00,$ 4.30,0.00 %
16,Google DV360,VDMY_331341878,Yes,3241980,0,0,$ 0.00,$ 0.00,$ 5.00,0.00 %
80,MediaMath,VDMY_268762635,Yes,3240120,0,0,$ 0.00,$ 0.00,$ 4.00,0.00 %
16,Google DV360,VDMY_331341878_old,Yes,3228960,0,0,$ 0.00,$ 0.00,$ 5.00,0.00 %
16,Google DV360,VDMY_HA_99831,Yes,3182460,0,0,$ 0.00,$ 0.00,$ 9.61,0.00 %
16,Google DV360,VDMY_340643737,Yes,3175020,0,0,$ 0.00,$ 0.00,$ 6.00,0.00 %
16,Google DV360,VDMY_281954241,Yes,3160140,0,0,$ 0.00,$ 0.00,$ 5.39,0.00 %
16,Google DV360,VDMY_391380696,Yes,3124800,0,0,$ 0.00,$ 0.00,$ 13.00,0.00 %
16,Google DV360,1062002,Yes,3113640,0,0,$ 0.00,$ 0.00,$ 6.50,0.00 %
80,MediaMath,deal-vidoomy-349,Yes,3108060,0,0,$ 0.00,$ 0.00,$ 4.00,0.00 %
16,Google DV360,VDMY_513738385,Yes,2936940,66960,35287,$ 176.44,$ 5.15,$ 5.00,1.20 %
16,Google DV360,VDMY_HV_34888,Yes,2875560,0,0,$ 0.00,$ 0.00,$ 6.00,0.00 %
16,Google DV360,VDMY_482691138,Yes,2858820,0,0,$ 0.00,$ 0.00,$ 6.40,0.00 %
16,Google DV360,VDMY_266453884,Yes,2849520,0,0,$ 0.00,$ 0.00,$ 3.75,0.00 %
16,Google DV360,VDMY_484047050,Yes,2825340,0,0,$ 0.00,$ 0.00,$ 15.00,0.00 %
16,Google DV360,VDMY_340589948,Yes,2823480,0,1569,$ 9.41,$ 0.00,$ 6.00,0.06 %
16,Google DV360,VDMY_OM_72398,Yes,2821620,0,1119,$ 5.59,$ 0.00,$ 5.00,0.04 %
80,MediaMath,VDMY_381445998,Yes,2816040,0,0,$ 0.00,$ 0.00,$ 4.00,0.00 %
16,Google DV360,VDMY_366987359,Yes,2778840,0,0,$ 0.00,$ 0.00,$ 5.00,0.00 %
16,Google DV360,VDMY_283664452,Yes,2771400,0,0,$ 0.00,$ 0.00,$ 4.00,0.00 %
16,Google DV360,VDMY_323212499,Yes,2769540,0,0,$ 0.00,$ 0.00,$ 5.00,0.00 %
16,Google DV360,VDMY_361458092,Yes,2765820,0,0,$ 0.00,$ 0.00,$ 4.50,0.00 %
16,Google DV360,VDMY_HV_46733,Yes,2736060,0,0,$ 0.00,$ 0.00,$ 5.00,0.00 %
16,Google DV360,VDMY_416242856,Yes,2736060,0,0,$ 0.00,$ 0.00,$ 6.00,0.00 %
16,Google DV360,VDMY_490186426,Yes,2726760,0,0,$ 0.00,$ 0.00,$ 20.00,0.00 %
16,Google DV360,VDMY_HV_79931,Yes,2723040,0,0,$ 0.00,$ 0.00,$ 6.00,0.00 %
16,Google DV360,VDMY_382470371,Yes,2650500,0,0,$ 0.00,$ 0.00,$ 5.00,0.00 %
16,Google DV360,VDMY_290649407,Yes,2581680,0,0,$ 0.00,$ 0.00,$ 4.90,0.00 %
16,Google DV360,VDMY_319334831,Yes,2542620,0,0,$ 0.00,$ 0.00,$ 4.00,0.00 %
16,Google DV360,NRE_OM_91457,Yes,2531460,0,0,$ 0.00,$ 0.00,$ 5.44,0.00 %
16,Google DV360,VDMY_314221736,Yes,2527740,0,0,$ 0.00,$ 0.00,$ 3.25,0.00 %
16,Google DV360,VDMY_418972467,Yes,2466360,0,0,$ 0.00,$ 0.00,$ 6.00,0.00 %
16,Google DV360,VDMY_278978294,Yes,2466360,0,0,$ 0.00,$ 0.00,$ 5.00,0.00 %
16,Google DV360,VDMY_391433992,Yes,2438460,0,0,$ 0.00,$ 0.00,$ 13.00,0.00 %
16,Google DV360,VDMY_419653868,Yes,2436600,0,0,$ 0.00,$ 0.00,$ 7.00,0.00 %
16,Google DV360,VDMY_324081557,Yes,2432880,0,0,$ 0.00,$ 0.00,$ 3.47,0.00 %
16,Google DV360,VDMY_283553509,Yes,2427300,0,0,$ 0.00,$ 0.00,$ 5.00,0.00 %
16,Google DV360,VDMY_OM_54903,Yes,2404980,0,182,$ 0.73,$ 0.00,$ 4.00,0.01 %
16,Google DV360,VDMY_298312657,Yes,2401260,0,0,$ 0.00,$ 0.00,$ 4.00,0.00 %
16,Google DV360,VDMY_283915950,Yes,2382660,22320,8695,$ 62.95,$ 7.46,$ 7.24,0.36 %
16,Google DV360,VDMY_429810781,Yes,2282220,0,0,$ 0.00,$ 0.00,$ 4.00,0.00 %
16,Google DV360,VDMY_331833765,Yes,2282220,0,0,$ 0.00,$ 0.00,$ 6.00,0.00 %
80,MediaMath,VDMY_MM_781812,Yes,2280360,0,0,$ 0.00,$ 0.00,$ 3.00,0.00 %
16,Google DV360,VDMY_292256170,Yes,2245020,0,0,$ 0.00,$ 0.00,$ 5.00,0.00 %
16,Google DV360,VDMY_HV_34254,Yes,2224560,0,0,$ 0.00,$ 0.00,$ 6.00,0.00 %
16,Google DV360,VDMY_365720337,Yes,2215260,0,0,$ 0.00,$ 0.00,$ 7.00,0.00 %
16,Google DV360,VDMY_398274765,Yes,2191080,0,0,$ 0.00,$ 0.00,$ 4.30,0.00 %
16,Google DV360,VDMY_263328538,Yes,2187360,0,0,$ 0.00,$ 0.00,$ 5.00,0.00 %
16,Google DV360,VDMY_483978263,Yes,2172480,0,0,$ 0.00,$ 0.00,$ 20.00,0.00 %
16,Google DV360,VDMY_321896255,Yes,2161320,0,0,$ 0.00,$ 0.00,$ 20.00,0.00 %
16,Google DV360,VDMY_359123037,Yes,2137140,0,0,$ 0.00,$ 0.00,$ 5.00,0.00 %
16,Google DV360,VDMY_376890377,Yes,2066460,1860,325,$ 1.46,$ 4.63,$ 4.50,0.02 %
16,Google DV360,VDMY_PR_92383,Yes,1999500,0,0,$ 0.00,$ 0.00,$ 5.00,0.00 %
16,Google DV360,VDMY_320094745,Yes,1997640,0,0,$ 0.00,$ 0.00,$ 3.25,0.00 %
16,Google DV360,VDMY_277694213,Yes,1992060,0,0,$ 0.00,$ 0.00,$ 6.00,0.00 %
16,Google DV360,VDMY_513871570,Yes,1964160,0,0,$ 0.00,$ 0.00,$ 5.00,0.00 %
16,Google DV360,VDMY_518141163,Yes,1912080,0,0,$ 0.00,$ 0.00,$ 5.50,0.00 %
16,Google DV360,VDMY_HV_70199,Yes,1891620,0,0,$ 0.00,$ 0.00,$ 5.00,0.00 %
16,Google DV360,VDMY_372249928,Yes,1884180,0,0,$ 0.00,$ 0.00,$ 5.00,0.00 %
16,Google DV360,VDMY_367958608,Yes,1858140,0,0,$ 0.00,$ 0.00,$ 6.00,0.00 %
16,Google DV360,VDMY_OM_62186,Yes,1854420,0,498,$ 2.24,$ 0.00,$ 4.50,0.03 %
16,Google DV360,VDMY_349534866,Yes,1843260,0,0,$ 0.00,$ 0.00,$ 5.00,0.00 %
16,Google DV360,VDMY_444459379,Yes,1807920,0,0,$ 0.00,$ 0.00,$ 6.70,0.00 %
16,Google DV360,VDMY_407858666,Yes,1804200,0,0,$ 0.00,$ 0.00,$ 4.30,0.00 %
16,Google DV360,VDMY_390098412,Yes,1774440,0,0,$ 0.00,$ 0.00,$ 6.50,0.00 %
16,Google DV360,VDMY_281516485,Yes,1694460,0,0,$ 0.00,$ 0.00,$ 5.39,0.00 %
16,Google DV360,VDMY_273988105,Yes,1647960,0,0,$ 0.00,$ 0.00,$ 5.00,0.00 %
16,Google DV360,VDMY_391979656,Yes,1634940,0,0,$ 0.00,$ 0.00,$ 4.30,0.00 %
16,Google DV360,VDMY_523326760,Yes,1551240,16740,11566,$ 52.05,$ 4.63,$ 4.50,0.75 %
16,Google DV360,VDMY_512451297,Yes,1547520,0,0,$ 0.00,$ 0.00,$ 5.00,0.00 %
16,Google DV360,VDMY_481963669,Yes,1534500,0,0,$ 0.00,$ 0.00,$ 9.00,0.00 %
16,Google DV360,VDMY_512691653,Yes,1519620,0,0,$ 0.00,$ 0.00,$ 5.00,0.00 %
16,Google DV360,VDMY_364538276,Yes,1510320,0,0,$ 0.00,$ 0.00,$ 4.00,0.00 %
16,Google DV360,VDMY_374694935,Yes,1501020,0,0,$ 0.00,$ 0.00,$ 4.90,0.00 %
16,Google DV360,VDMY_514022766,Yes,1476840,0,0,$ 0.00,$ 0.00,$ 5.00,0.00 %
16,Google DV360,VDMY_PR_43199,Yes,1421040,0,0,$ 0.00,$ 0.00,$ 5.00,0.00 %
16,Google DV360,VDMY_PR_31133,Yes,1385700,16740,12374,$ 61.87,$ 5.15,$ 5.00,0.89 %
16,Google DV360,VDMY_313662785,Yes,1378260,0,0,$ 0.00,$ 0.00,$ 13.00,0.00 %
16,Google DV360,VDMY_HV_63219,Yes,1352220,0,0,$ 0.00,$ 0.00,$ 6.00,0.00 %
16,Google DV360,VDMY_283047258,Yes,1342920,0,0,$ 0.00,$ 0.00,$ 4.00,0.00 %
80,MediaMath,VDMY_264326393,Yes,1341060,0,0,$ 0.00,$ 0.00,$ 4.00,0.00 %
80,MediaMath,deal-vidoomy-350,Yes,1328040,9300,6096,$ 24.38,$ 4.43,$ 4.00,0.46 %
74,Yahoo DSP,VDMY_AB_62055,Yes,1328040,13020,3939,$ 15.76,$ 8.19,$ 4.00,0.30 %
16,Google DV360,VDMY_352099244,Yes,1318740,0,0,$ 0.00,$ 0.00,$ 4.00,0.00 %
80,MediaMath,VDMY_383875734,Yes,1288980,0,0,$ 0.00,$ 0.00,$ 4.00,0.00 %
16,Google DV360,VDMY_274756288,Yes,1287120,0,0,$ 0.00,$ 0.00,$ 6.00,0.00 %
16,Google DV360,VDMY_372746534,Yes,1283400,20460,14911,$ 76.49,$ 5.28,$ 5.13,1.16 %
16,Google DV360,VDMY_396578625,Yes,1270380,0,0,$ 0.00,$ 0.00,$ 5.50,0.00 %
16,Google DV360,VDMY_276998259,Yes,1268520,0,0,$ 0.00,$ 0.00,$ 3.47,0.00 %
16,Google DV360,VDMY_484167445,Yes,1249920,0,0,$ 0.00,$ 0.00,$ 10.62,0.00 %
80,MediaMath,VDMY_439656619,Yes,1244340,0,0,$ 0.00,$ 0.00,$ 6.50,0.00 %
16,Google DV360,VDMY_264796581,Yes,1240620,0,0,$ 0.00,$ 0.00,$ 4.00,0.00 %
16,Google DV360,VDMY_279054164,Yes,1238760,0,0,$ 0.00,$ 0.00,$ 5.00,0.00 %
16,Google DV360,VDMY_410210384,Yes,1218300,0,0,$ 0.00,$ 0.00,$ 5.50,0.00 %
16,Google DV360,VDMY_372365560,Yes,1214580,0,0,$ 0.00,$ 0.00,$ 8.00,0.00 %
16,Google DV360,VDMY_310653968,Yes,1156920,0,0,$ 0.00,$ 0.00,$ 20.00,0.00 %
80,MediaMath,VDMY_441989884,Yes,1130880,16740,5428,$ 35.28,$ 10.00,$ 6.50,0.48 %
80,MediaMath,VDMY_402260841,Yes,1121580,16740,8087,$ 36.39,$ 4.52,$ 4.50,0.72 %
16,Google DV360,VDMY_HV_62788,Yes,1102980,0,0,$ 0.00,$ 0.00,$ 5.00,0.00 %
80,MediaMath,VDMY_266246958,Yes,1095540,0,0,$ 0.00,$ 0.00,$ 3.50,0.00 %
74,Yahoo DSP,VDMY_AB_61044,Yes,1078800,3720,2520,$ 10.08,$ 6.08,$ 4.00,0.23 %
16,Google DV360,VDMY_300494321,Yes,1054620,0,0,$ 0.00,$ 0.00,$ 5.00,0.00 %
16,Google DV360,VDMY_467660676,Yes,1039740,22320,11240,$ 56.20,$ 5.13,$ 5.00,1.08 %
16,Google DV360,VDMY_360756427,Yes,1032300,0,0,$ 0.00,$ 0.00,$ 5.50,0.00 %
16,Google DV360,VDMY_265111455,Yes,1019280,0,0,$ 0.00,$ 0.00,$ 4.00,0.00 %
80,MediaMath,VDMY_296166038,Yes,1004400,0,0,$ 0.00,$ 0.00,$ 6.50,0.00 %
80,MediaMath,VDMY_266148174,Yes,1002540,0,0,$ 0.00,$ 0.00,$ 3.50,0.00 %
16,Google DV360,VDMY_360557327,Yes,989520,0,0,$ 0.00,$ 0.00,$ 6.00,0.00 %
16,Google DV360,VDMY_352688008,Yes,985800,0,0,$ 0.00,$ 0.00,$ 6.00,0.00 %
16,Google DV360,VDMY_354673721,Yes,983940,13020,6205,$ 31.02,$ 5.20,$ 5.00,0.63 %
16,Google DV360,VDMY_261855631,Yes,983940,0,0,$ 0.00,$ 0.00,$ 5.00,0.00 %
16,Google DV360,VDMY_CD_60388,Yes,941160,0,0,$ 0.00,$ 0.00,$ 3.47,0.00 %
80,MediaMath,VDMY_443147397,Yes,937440,0,0,$ 0.00,$ 0.00,$ 6.50,0.00 %
16,Google DV360,VDMY_385088179,Yes,928140,0,0,$ 0.00,$ 0.00,$ 4.00,0.00 %
16,Google DV360,VDMY_376431648,Yes,892800,0,0,$ 0.00,$ 0.00,$ 4.30,0.00 %
16,Google DV360,VDMY_353020367,Yes,863040,0,0,$ 0.00,$ 0.00,$ 6.00,0.00 %
16,Google DV360,VDMY_440019635,Yes,859320,5580,3687,$ 18.43,$ 5.15,$ 5.00,0.43 %
80,MediaMath,VDMY_CD_98734,Yes,827700,0,0,$ 0.00,$ 0.00,$ 3.00,0.00 %
80,MediaMath,VDMY_266369722,Yes,796080,0,0,$ 0.00,$ 0.00,$ 3.50,0.00 %
16,Google DV360,VDMY_300222476,Yes,792360,0,0,$ 0.00,$ 0.00,$ 5.00,0.00 %
16,Google DV360,VDMY_482217544,Yes,783060,0,0,$ 0.00,$ 0.00,$ 4.30,0.00 %
80,MediaMath,VDMY_355082109,Yes,764460,13020,11382,$ 73.98,$ 6.74,$ 6.50,1.49 %
16,Google DV360,VDMY_BM_48248,Yes,708660,0,18,$ 0.16,$ 0.00,$ 8.64,0.00 %
16,Google DV360,VDMY_300359477,Yes,699360,0,0,$ 0.00,$ 0.00,$ 5.00,0.00 %
16,Google DV360,VDMY_XA_20977,Yes,656580,0,0,$ 0.00,$ 0.00,$ 4.18,0.00 %
16,Google DV360,VDMY_XA_31777,Yes,639840,0,0,$ 0.00,$ 0.00,$ 4.61,0.00 %
16,Google DV360,VDMY_292877848,Yes,613800,7440,6434,$ 32.17,$ 5.15,$ 5.00,1.05 %
16,Google DV360,VDMY_357739188,Yes,589620,0,0,$ 0.00,$ 0.00,$ 5.00,0.00 %
16,Google DV360,VDMY_261797294,Yes,561720,0,0,$ 0.00,$ 0.00,$ 4.80,0.00 %
16,Google DV360,VDMY_410562812,Yes,559860,0,0,$ 0.00,$ 0.00,$ 4.50,0.00 %
16,Google DV360,VDMY_445713532,Yes,554280,0,0,$ 0.00,$ 0.00,$ 4.30,0.00 %
16,Google DV360,VDMY_363767304,Yes,535680,1860,539,$ 3.82,$ 7.29,$ 7.08,0.10 %
16,Google DV360,VDMY_290580745,Yes,528240,0,0,$ 0.00,$ 0.00,$ 11.00,0.00 %
16,Google DV360,VDMY_363872897,Yes,526380,0,1362,$ 14.44,$ 0.00,$ 10.60,0.26 %
16,Google DV360,VDMY_274997887,Yes,500340,0,0,$ 0.00,$ 0.00,$ 6.00,0.00 %
80,MediaMath,VDMY_LA_19386,Yes,498480,0,0,$ 0.00,$ 0.00,$ 6.00,0.00 %
16,Google DV360,VDMY_HV_50898,Yes,498480,0,0,$ 0.00,$ 0.00,$ 6.00,0.00 %
16,Google DV360,VDMY_319929938,Yes,468720,0,0,$ 0.00,$ 0.00,$ 3.47,0.00 %
16,Google DV360,VDMY_HV_10555,Yes,461280,0,0,$ 0.00,$ 0.00,$ 6.00,0.00 %
16,Google DV360,VDMY_410378930,Yes,431520,0,0,$ 0.00,$ 0.00,$ 5.50,0.00 %
16,Google DV360,VDMY_HV_10302,Yes,422220,0,0,$ 0.00,$ 0.00,$ 6.00,0.00 %
16,Google DV360,VDMY_473245122,Yes,407340,0,0,$ 0.00,$ 0.00,$ 6.00,0.00 %
16,Google DV360,VDMY_471043880,Yes,362700,5580,854,$ 3.42,$ 4.12,$ 4.00,0.24 %
16,Google DV360,VDMY_282657749,Yes,360840,0,0,$ 0.00,$ 0.00,$ 5.00,0.00 %
16,Google DV360,VDMY_314014494,Yes,353400,0,0,$ 0.00,$ 0.00,$ 5.00,0.00 %
16,Google DV360,VDMY_313512786,Yes,351540,0,0,$ 0.00,$ 0.00,$ 13.00,0.00 %
16,Google DV360,VDMY_475862177,Yes,336660,0,7,$ 0.03,$ 0.00,$ 4.50,0.00 %
16,Google DV360,VDMY_338896152,Yes,299460,0,0,$ 0.00,$ 0.00,$ 4.90,0.00 %
16,Google DV360,VDMY_429135630,Yes,292020,0,0,$ 0.00,$ 0.00,$ 13.00,0.00 %
16,Google DV360,VDMY_409718530,Yes,292020,0,0,$ 0.00,$ 0.00,$ 5.00,0.00 %
16,Google DV360,VDMY_322022023,Yes,282720,7440,3602,$ 19.45,$ 5.56,$ 5.40,1.27 %
16,Google DV360,VDMY_467926658,Yes,262260,0,0,$ 0.00,$ 0.00,$ 20.00,0.00 %
16,Google DV360,VDMY_429253684,Yes,260400,0,0,$ 0.00,$ 0.00,$ 13.00,0.00 %
16,Google DV360,VDMY_498013761,Yes,258540,0,0,$ 0.00,$ 0.00,$ 20.00,0.00 %
16,Google DV360,VDMY_IP_33111,Yes,228780,0,0,$ 0.00,$ 0.00,$ 4.00,0.00 %
16,Google DV360,VDMY_316828785,Yes,225060,0,0,$ 0.00,$ 0.00,$ 21.00,0.00 %
16,Google DV360,VDMY_298575869,Yes,200880,0,0,$ 0.00,$ 0.00,$ 4.00,0.00 %
16,Google DV360,VDMY_274548786,Yes,191580,0,0,$ 0.00,$ 0.00,$ 4.20,0.00 %
16,Google DV360,VDMY_PR_20966,Yes,174840,0,0,$ 0.00,$ 0.00,$ 5.00,0.00 %
16,Google DV360,VDMY_420223814,Yes,174840,0,0,$ 0.00,$ 0.00,$ 7.39,0.00 %
80,MediaMath,VDMY_OM_56879,Yes,172980,0,0,$ 0.00,$ 0.00,$ 5.00,0.00 %
16,Google DV360,VDMY_267027609,Yes,163680,0,0,$ 0.00,$ 0.00,$ 5.00,0.00 %
16,Google DV360,VDMY_275035771,Yes,161820,0,0,$ 0.00,$ 0.00,$ 4.00,0.00 %
16,Google DV360,VDMY_277368436,Yes,159960,0,0,$ 0.00,$ 0.00,$ 6.10,0.00 %
16,Google DV360,VDMY_513683494,Yes,135780,27900,13385,$ 80.31,$ 6.18,$ 6.00,9.86 %
16,Google DV360,VDMY_363532836,Yes,135780,0,0,$ 0.00,$ 0.00,$ 4.00,0.00 %
16,Google DV360,VDMY_373118037,Yes,133920,0,0,$ 0.00,$ 0.00,$ 4.50,0.00 %
16,Google DV360,VDMY_316712861,Yes,120900,0,0,$ 0.00,$ 0.00,$ 19.00,0.00 %
16,Google DV360,VDMY_443532657,Yes,106020,0,0,$ 0.00,$ 0.00,$ 5.00,0.00 %
16,Google DV360,VDMY_469396602,Yes,98580,53940,21531,$ 99.04,$ 4.74,$ 4.60,21.84 %
16,Google DV360,VDMY_420349338,Yes,93000,0,0,$ 0.00,$ 0.00,$ 7.39,0.00 %
74,Yahoo DSP,VDMY_356972017,Yes,81840,0,44,$ 0.18,$ 0.00,$ 4.00,0.05 %
16,Google DV360,VDMY_387053236,Yes,78120,0,0,$ 0.00,$ 0.00,$ 4.50,0.00 %
16,Google DV360,VDMY_IP_90435,Yes,74400,0,0,$ 0.00,$ 0.00,$ 4.00,0.00 %
16,Google DV360,VDMY_374798399,Yes,52080,0,0,$ 0.00,$ 0.00,$ 5.00,0.00 %
16,Google DV360,VDMY_XA_98125,Yes,50220,0,0,$ 0.00,$ 0.00,$ 3.00,0.00 %
16,Google DV360,VDMY_261636572,Yes,48360,0,0,$ 0.00,$ 0.00,$ 4.80,0.00 %
16,Google DV360,VDMY_482925854,Yes,33480,0,0,$ 0.00,$ 0.00,$ 6.00,0.00 %
80,MediaMath,VDMY_IS_43349,Yes,31620,0,0,$ 0.00,$ 0.00,$ 6.50,0.00 %
16,Google DV360,VDMY_PU_90001,Yes,27900,0,0,$ 0.00,$ 0.00,$ 5.00,0.00 %
16,Google DV360,VDMY_266730026,Yes,26040,0,0,$ 0.00,$ 0.00,$ 5.00,0.00 %
80,MediaMath,VDMY_402260841_old,Yes,16740,0,0,$ 0.00,$ 0.00,$ 4.50,0.00 %
16,Google DV360,VDMY_298435986,Yes,16740,0,0,$ 0.00,$ 0.00,$ 4.00,0.00 %
80,MediaMath,VDMY_CD_29302,Yes,0,0,0,$ 0.00,$ 0.00,$ 0.00,0.00 %
80,MediaMath,VDMY_277477931,Yes,0,0,0,$ 0.00,$ 0.00,$ 0.00,0.00 %
80,MediaMath,VDMY_265772768,Yes,0,0,0,$ 0.00,$ 0.00,$ 0.00,0.00 %
74,Yahoo DSP,VDMY_OM_47335,Yes,0,0,0,$ 0.00,$ 0.00,$ 0.00,0.00 %
74,Yahoo DSP,VDMY_AP_14233,Yes,0,0,0,$ 0.00,$ 0.00,$ 0.00,0.00 %
74,Yahoo DSP,VDMY_392969940,Yes,0,0,0,$ 0.00,$ 0.00,$ 0.00,0.00 %
74,Yahoo DSP,VDMY_392880653,Yes,0,0,0,$ 0.00,$ 0.00,$ 0.00,0.00 %
74,Yahoo DSP,VDMY_392753303,Yes,0,0,0,$ 0.00,$ 0.00,$ 0.00,0.00 %
74,Yahoo DSP,VDMY_284055647,Yes,0,0,0,$ 0.00,$ 0.00,$ 0.00,0.00 %
